title,company,link,score
Neuer als 24h,,https://www.stepstone.dehttps://www.stepstone.de/jobs/working-student-python?action=facet_selected%3bage%3bage_1&ag=age_1,0.0
Teilweise Home-Office,,https://www.stepstone.dehttps://www.stepstone.de/jobs/working-student-python?action=facet_selected%3bworkFromHome%3b2&wfh=2,0.0
Auf Unternehmenswebsite,,https://www.stepstone.dehttps://www.stepstone.de/jobs/working-student-python?action=facet_selected%3bapplicationMethod%3bEXTERNAL&am=EXTERNAL,0.0
Deutsch,,https://www.stepstone.dehttps://www.stepstone.de/jobs/working-student-python?action=facet_selected%3bdetectedLanguages%3bde&fdl=de,0.0
Kommunikation,,https://www.stepstone.dehttps://www.stepstone.de/jobs/working-student-python?action=facet_selected%3bskills%3b83923&fsk=83923,0.0
IT,,https://www.stepstone.dehttps://www.stepstone.de/jobs/working-student-python?action=facet_selected%3bdisciplines%3bIT&di=IT,0.0
Vollzeit,,https://www.stepstone.dehttps://www.stepstone.de/jobs/vollzeit/working-student-python?action=facet_selected%3bworktypes%3b80001,0.0
,Clarios Germany GmbH & Co. KG,https://www.stepstone.dehttps://www.stepstone.de/cmp/de/clarios-germany-gmbh-%26-co-kg-123653/jobs,0.0
,commercetools GmbH,https://www.stepstone.dehttps://www.stepstone.de/cmp/de/commercetools-gmbh-283313/jobs,0.0
,Experteer GmbH,https://www.stepstone.dehttps://www.stepstone.de/cmp/de/experteer-gmbh-56088/jobs,0.0
,Experteer GmbH,https://www.stepstone.dehttps://www.stepstone.de/cmp/de/experteer-gmbh-56088/jobs,0.0
,commercetools GmbH,https://www.stepstone.dehttps://www.stepstone.de/cmp/de/commercetools-gmbh-283313/jobs,0.0
,Hamburg Commercial Bank,https://www.stepstone.dehttps://www.stepstone.de/cmp/de/hamburg-commercial-bank-65418/jobs,0.0
,MEAG MUNICH ERGO AssetManagement GmbH,https://www.stepstone.dehttps://www.stepstone.de/cmp/de/meag-munich-ergo-assetmanagement-gmbh-32541/jobs,0.0
,Start2 Group GmbH,https://www.stepstone.dehttps://www.stepstone.de/cmp/de/start2-group-gmbh-163643/jobs,0.0
,Volkswagen Infotainment GmbH,https://www.stepstone.dehttps://www.stepstone.de/cmp/de/volkswagen-infotainment-gmbh-148893/jobs,0.0
,Volkswagen Infotainment GmbH,https://www.stepstone.dehttps://www.stepstone.de/cmp/de/volkswagen-infotainment-gmbh-148893/jobs,0.0
,ZEISS,https://www.stepstone.dehttps://www.stepstone.de/cmp/de/zeiss-3427/jobs,0.0
,European XFEL GmbH,https://www.stepstone.dehttps://www.stepstone.de/cmp/de/european-xfel-gmbh-152281/jobs,0.0
,Biesterfeld Group,https://www.stepstone.dehttps://www.stepstone.de/cmp/de/biesterfeld-group-7041/jobs,0.0
,Niterra EMEA GmbH,https://www.stepstone.dehttps://www.stepstone.de/cmp/de/niterra-emea-gmbh-95158/jobs,0.0
,ARAG SE,https://www.stepstone.dehttps://www.stepstone.de/cmp/de/arag-se-65113/jobs,0.0
,Schaeffler Technologies AG & Co. KG,https://www.stepstone.dehttps://www.stepstone.de/cmp/de/schaeffler-technologies-ag-%26-co-kg-79856/jobs,0.0
,Grohe AG,https://www.stepstone.dehttps://www.stepstone.de/cmp/de/grohe-ag-65601/jobs,0.0
,ZEISS,https://www.stepstone.dehttps://www.stepstone.de/cmp/de/zeiss-3427/jobs,0.0
,Mercedes-Benz AG,https://www.stepstone.dehttps://www.stepstone.de/cmp/de/mercedes-benz-ag-237414/jobs,0.0
,Grohe AG,https://www.stepstone.dehttps://www.stepstone.de/cmp/de/grohe-ag-65601/jobs,0.0
,Schaeffler Technologies AG & Co. KG,https://www.stepstone.dehttps://www.stepstone.de/cmp/de/schaeffler-technologies-ag-%26-co-kg-79856/jobs,0.0
,"Inverto, A BCG Company",https://www.stepstone.dehttps://www.stepstone.de/cmp/de/inverto_a-bcg-company-44754/jobs,0.0
,Birkenstock Group B.V. & Co. KG,https://www.stepstone.dehttps://www.stepstone.de/cmp/de/birkenstock-group-bv-%26-co-kg-249716/jobs,0.0
,The Boston Consulting Group GmbH - BCG,https://www.stepstone.dehttps://www.stepstone.de/cmp/de/the-boston-consulting-group-gmbh-bcg-9524/jobs,0.0
,Clarios Germany GmbH & Co. KG,https://www.stepstone.dehttps://www.stepstone.de/cmp/de/clarios-germany-gmbh-%26-co-kg-123653/jobs,0.0
StepStone,NA,https://www.stepstone.de/,0.0
